Date,Trips over the past 24-hours (midnight to 11:59pm),Cumulative trips (since launch):,Miles traveled today (midnight to 11:59 pm),Miles traveled to date:,Total Annual Members,Annual Member Sign-Ups (midnight to 11:59 pm),24-Hour Passes Purchased (midnight to 11:59 pm),7-Day Passes Purchased (midnight to 11:59 pm),filename,Total Annual Memberships Sold
1/1/14,6559,6323722,9.254,"11,243,581",95971.0,29,268,10,./data-milestraveled2014_1Q.csv,
1/2/14,9334,6333056,11.735999999999999,"11,255,317",96000.0,42,66,3,./data-milestraveled2014_1Q.csv,
1/3/14,1288,6334344,1.855,"11,257,172",96042.0,23,1,1,./data-milestraveled2014_1Q.csv,
1/4/14,2494,6336838,3.7060000000000004,"11,260,878",96065.0,19,14,1,./data-milestraveled2014_1Q.csv,
1/5/14,2937,6339775,3.72,"11,264,598",96084.0,18,17,4,./data-milestraveled2014_1Q.csv,
1/6/14,10481,6350256,13.015999999999998,"11,277,613",96102.0,22,30,7,./data-milestraveled2014_1Q.csv,
1/7/14,7144,6357400,8.2,"11,285,814",96124.0,28,5,4,./data-milestraveled2014_1Q.csv,
1/8/14,10162,6367562,11.767999999999999,"11,297,582",96152.0,19,28,4,./data-milestraveled2014_1Q.csv,
1/9/14,14571,6382133,18.401,"11,315,983",96171.0,18,74,10,./data-milestraveled2014_1Q.csv,
1/10/14,10685,6392818,13.433,"11,329,416",96189.0,36,49,5,./data-milestraveled2014_1Q.csv,
1/11/14,8333,6401151,10.735,"11,340,151",96225.0,22,101,16,./data-milestraveled2014_1Q.csv,
1/12/14,13549,6414700,19.141,"11,359,291",96247.0,29,350,22,./data-milestraveled2014_1Q.csv,
1/13/14,22377,6437077,30.829,"11,390,121",96276.0,72,224,31,./data-milestraveled2014_1Q.csv,
1/14/14,10849,6447926,13.270999999999999,"11,403,392",96348.0,43,45,4,./data-milestraveled2014_1Q.csv,
1/15/14,23500,6471426,32.303000000000004,"11,435,695",96391.0,62,241,30,./data-milestraveled2014_1Q.csv,
1/16/14,21528,6492954,28.807,"11,464,502",96453.0,56,208,37,./data-milestraveled2014_1Q.csv,
1/17/14,21840,6514794,30.773000000000003,"11,495,275",96509.0,67,282,34,./data-milestraveled2014_1Q.csv,
1/18/14,10222,6525016,14.595999999999998,"11,509,870",96576.0,40,176,15,./data-milestraveled2014_1Q.csv,
1/19/14,9768,6534784,13.591,"11,523,461",96616.0,38,194,13,./data-milestraveled2014_1Q.csv,
1/20/14,14581,6549365,20.102999999999998,"11,543,564",96654.0,47,133,11,./data-milestraveled2014_1Q.csv,
1/21/14,4171,6553536,5.428999999999999,"11,548,993",96701.0,32,5,1,./data-milestraveled2014_1Q.csv,
1/22/14,2762,6556298,4.061,"11,553,054",96733.0,8,4,3,./data-milestraveled2014_1Q.csv,
1/23/14,5743,6562041,8.336,"11,561,390",96741.0,16,9,1,./data-milestraveled2014_1Q.csv,
1/24/14,6901,6568942,9.375,"11,570,765",96757.0,13,15,6,./data-milestraveled2014_1Q.csv,
1/25/14,4716,6573658,6.004,"11,576,770",96770.0,14,34,0,./data-milestraveled2014_1Q.csv,
1/26/14,5462,6579120,6.691,"11,583,461",96784.0,20,37,6,./data-milestraveled2014_1Q.csv,
1/27/14,14304,6593424,18.127,"11,601,588",96804.0,26,55,18,./data-milestraveled2014_1Q.csv,
1/28/14,11066,6604490,13.722000000000001,"11,615,310",96830.0,22,18,7,./data-milestraveled2014_1Q.csv,
1/29/14,10838,6615328,13.394,"11,628,704",96852.0,33,21,6,./data-milestraveled2014_1Q.csv,
1/30/14,13198,6628526,16.914,"11,645,618",96885.0,27,42,7,./data-milestraveled2014_1Q.csv,
1/31/14,15886,6644412,21.541,"11,667,159",96912.0,23,130,10,./data-milestraveled2014_1Q.csv,
2/1/14,13797,6658209,20.706999999999997,"11,687,866",96935.0,23,349,29,./data-milestraveled2014_1Q.csv,
2/2/14,15009,6673218,22.915,"11,710,781",96958.0,40,449,10,./data-milestraveled2014_1Q.csv,
2/3/14,2839,6676057,3.635,"11,714,416",96998.0,27,4,2,./data-milestraveled2014_1Q.csv,
2/4/14,9551,6685608,12.708,"11,727,124",97025.0,21,37,2,./data-milestraveled2014_1Q.csv,
2/5/14,3076,6688684,4.603,"11,731,727",97046.0,15,8,1,./data-milestraveled2014_1Q.csv,
2/6/14,8227,6696911,12.640999999999998,"11,744,368",97061.0,21,25,9,./data-milestraveled2014_1Q.csv,
2/7/14,9473,6706384,14.206,"11,758,574",97082.0,12,36,5,./data-milestraveled2014_1Q.csv,
2/8/14,6640,6713024,9.562999999999999,"11,768,137",97094.0,15,71,1,./data-milestraveled2014_1Q.csv,
2/9/14,5527,6718551,7.806,"11,775,942",97109.0,19,47,6,./data-milestraveled2014_1Q.csv,
2/10/14,7643,6726194,10.867,"11,786,809",97128.0,26,16,3,./data-milestraveled2014_1Q.csv,
2/11/14,9258,6735452,12.57,"11,799,379",97154.0,20,22,4,./data-milestraveled2014_1Q.csv,
2/12/14,9531,6744983,12.690999999999999,"11,812,070",97174.0,10,24,3,./data-milestraveled2014_1Q.csv,
2/13/14,978,6745961,1.725,"11,813,795",97184.0,7,3,1,./data-milestraveled2014_1Q.csv,
2/14/14,4029,6749990,6.586,"11,820,381",97191.0,14,16,8,./data-milestraveled2014_1Q.csv,
2/15/14,2512,6752502,3.8339999999999996,"11,824,215",97205.0,16,23,2,./data-milestraveled2014_1Q.csv,
2/16/14,3362,6755864,5.063,"11,829,278",97221.0,12,34,2,./data-milestraveled2014_1Q.csv,
2/17/14,5433,6761297,8.226,"11,837,504",97233.0,10,40,10,./data-milestraveled2014_1Q.csv,
2/18/14,5727,6767024,8.392999999999999,"11,845,896",97243.0,19,19,2,./data-milestraveled2014_1Q.csv,
2/19/14,9485,6776509,14.085999999999999,"11,859,983",97262.0,18,45,6,./data-milestraveled2014_1Q.csv,
2/20/14,12971,6789480,18.707,"11,878,690",97280.0,27,103,11,./data-milestraveled2014_1Q.csv,
2/21/14,9545,6799025,12.423,"11,891,113",97307.0,34,59,8,./data-milestraveled2014_1Q.csv,
2/22/14,14261,6813286,25.945,"11,917,058",97341.0,38,730,31,./data-milestraveled2014_1Q.csv,
2/23/14,14567,6827853,25.298000000000002,"11,942,356",97379.0,56,666,35,./data-milestraveled2014_1Q.csv,
2/24/14,14119,6841972,19.238,"11,961,594",97435.0,76,79,10,./data-milestraveled2014_1Q.csv,
2/25/14,14003,6855975,17.699,"11,979,293",97511.0,45,50,14,./data-milestraveled2014_1Q.csv,
2/26/14,12168,6868143,15.039000000000001,"11,994,332",97556.0,28,35,7,./data-milestraveled2014_1Q.csv,
2/27/14,13138,6881281,16.042,"12,010,374",97584.0,28,54,10,./data-milestraveled2014_1Q.csv,
2/28/14,10483,6891764,13.017000000000001,"12,023,391",97612.0,38,46,12,./data-milestraveled2014_1Q.csv,
3/1/14,9944,6901708,14.364,"12,037,756",97650.0,37,255,11,./data-milestraveled2014_1Q.csv,
3/2/14,9017,6910725,12.288,"12,050,044",97687.0,40,196,12,./data-milestraveled2014_1Q.csv,
3/3/14,8618,6919343,12.02,"12,062,064",97727.0,41,44,3,./data-milestraveled2014_1Q.csv,
3/4/14,11494,6930837,14.472999999999999,"12,076,537",97768.0,39,36,11,./data-milestraveled2014_1Q.csv,
3/5/14,14934,6945771,19.147000000000002,"12,095,684",97807.0,62,90,13,./data-milestraveled2014_1Q.csv,
3/6/14,13758,6959529,17.12,"12,112,804",97869.0,38,50,7,./data-milestraveled2014_1Q.csv,
3/7/14,14736,6974265,19.809,"12,132,613",97907.0,63,108,10,./data-milestraveled2014_1Q.csv,
3/8/14,18119,6992384,34.814,"12,167,427",97970.0,82,1211,46,./data-milestraveled2014_1Q.csv,
3/9/14,13300,7005684,20.468,"12,187,894",98052.0,94,496,32,./data-milestraveled2014_1Q.csv,
3/10/14,18844,7024528,25.776999999999997,"12,213,671",98146.0,115,206,30,./data-milestraveled2014_1Q.csv,
3/11/14,26436,7050964,41.688,"12,255,359",98261.0,187,574,66,./data-milestraveled2014_1Q.csv,
3/12/14,16273,7067237,21.803,"12,277,162",98448.0,124,153,21,./data-milestraveled2014_1Q.csv,
3/13/14,12164,7079401,15.663,"12,292,825",98572.0,67,55,7,./data-milestraveled2014_1Q.csv,
3/14/14,17745,7097146,23.539,"12,316,364",98639.0,77,209,14,./data-milestraveled2014_1Q.csv,
3/15/14,19664,7116810,35.302,"12,351,665",98716.0,111,1316,54,./data-milestraveled2014_1Q.csv,
3/16/14,10740,7127550,16.054000000000002,"12,367,720",98827.0,77,274,31,./data-milestraveled2014_1Q.csv,
3/17/14,13681,7141231,17.722,"12,385,442",98904.0,91,106,19,./data-milestraveled2014_1Q.csv,
3/18/14,18046,7159277,24.985,"12,410,427",98995.0,87,181,30,./data-milestraveled2014_1Q.csv,
3/19/14,14387,7173664,19.079,"12,429,506",99082.0,78,87,19,./data-milestraveled2014_1Q.csv,
3/20/14,21299,7194963,31.018,"12,460,523",99160.0,120,292,36,./data-milestraveled2014_1Q.csv,
3/21/14,22266,7217229,33.189,"12,493,712",99280.0,149,386,26,./data-milestraveled2014_1Q.csv,
3/22/14,21671,7238900,42.206,"12,535,919",99429.0,134,1525,55,./data-milestraveled2014_1Q.csv,
3/23/14,12846,7251746,19.105,"12,555,024",99563.0,115,451,19,./data-milestraveled2014_1Q.csv,
3/24/14,14729,7266475,18.838,"12,573,862",99678.0,84,105,20,./data-milestraveled2014_1Q.csv,
3/25/14,17388,7283863,22.135,"12,595,997",99762.0,79,108,19,./data-milestraveled2014_1Q.csv,
3/26/14,15538,7299401,19.368,"12,615,365",99841.0,72,91,16,./data-milestraveled2014_1Q.csv,
3/27/14,18166,7317567,25.302,"12,640,668",99913.0,78,164,17,./data-milestraveled2014_1Q.csv,
3/28/14,20025,7337592,29.858,"12,670,526",99991.0,81,255,29,./data-milestraveled2014_1Q.csv,
3/29/14,4870,7342462,6.546,"12,677,072",100072.0,55,142,0,./data-milestraveled2014_1Q.csv,
3/30/14,8645,7351107,13.365,"12,690,437",100127.0,93,209,15,./data-milestraveled2014_1Q.csv,
3/31/14,18686,7369793,26.78,"12,717,217",100220.0,117,276,47,./data-milestraveled2014_1Q.csv,
4/1/14,26163,7395956,40.978,"12,758,196",,174,475,67,./data-milestraveled2014_2Q.csv,100337.0
4/2/14,24299,7420255,35.54,"12,793,736",,118,237,33,./data-milestraveled2014_2Q.csv,100511.0
4/3/14,28379,7448634,44.648999999999994,"12,838,385",,171,596,63,./data-milestraveled2014_2Q.csv,100629.0
4/4/14,13593,7462227,17.644000000000002,"12,856,030",,92,103,10,./data-milestraveled2014_2Q.csv,100800.0
4/5/14,20333,7482560,36.797,"12,892,827",,127,1221,42,./data-milestraveled2014_2Q.csv,100892.0
4/6/14,22643,7505203,45.575,"12,938,402",,165,1641,62,./data-milestraveled2014_2Q.csv,101019.0
4/7/14,15869,7521072,21.9,"12,960,303",,131,159,36,./data-milestraveled2014_2Q.csv,101184.0
4/8/14,23636,7544708,34.85,"12,995,153",,126,369,44,./data-milestraveled2014_2Q.csv,101315.0
4/9/14,29194,7573902,45.619,"13,040,772",,201,447,57,./data-milestraveled2014_2Q.csv,101441.0
4/10/14,29722,7603624,46.023,"13,086,794",,172,525,65,./data-milestraveled2014_2Q.csv,101642.0
4/11/14,29283,7632907,49.269,"13,136,064",,140,632,83,./data-milestraveled2014_2Q.csv,101814.0
4/12/14,29773,7662680,63.648999999999994,"13,199,713",,175,2710,89,./data-milestraveled2014_2Q.csv,101954.0
4/13/14,29521,7692201,65.74600000000001,"13,265,459",,228,2411,109,./data-milestraveled2014_2Q.csv,102129.0
4/14/14,31732,7723933,57.306999999999995,"13,322,766",,266,993,114,./data-milestraveled2014_2Q.csv,102357.0
4/15/14,11370,7735303,14.639000000000001,"13,337,404",,128,73,19,./data-milestraveled2014_2Q.csv,102623.0
4/16/14,21713,7757016,31.427,"13,368,832",,132,279,50,./data-milestraveled2014_2Q.csv,102751.0
4/17/14,24190,7781206,36.641999999999996,"13,405,474",,113,470,53,./data-milestraveled2014_2Q.csv,102883.0
4/18/14,22409,7803615,33.846,"13,439,319",,98,628,60,./data-milestraveled2014_2Q.csv,102996.0
4/19/14,26541,7830156,59.461000000000006,"13,498,781",,118,2666,99,./data-milestraveled2014_2Q.csv,103094.0
4/20/14,20122,7850278,40.814,"13,539,595",,154,1639,84,./data-milestraveled2014_2Q.csv,103212.0
4/21/14,29618,7879896,50.57,"13,590,165",,276,839,105,./data-milestraveled2014_2Q.csv,103366.0
4/22/14,29580,7909476,45.813,"13,635,978",,169,560,58,./data-milestraveled2014_2Q.csv,103642.0
4/23/14,29341,7938817,44.266000000000005,"13,680,243",,173,358,68,./data-milestraveled2014_2Q.csv,103811.0
4/24/14,30515,7969332,48.32899999999999,"13,728,573",,160,646,95,./data-milestraveled2014_2Q.csv,103984.0
4/25/14,30299,7999631,49.915,"13,778,488",,126,767,56,./data-milestraveled2014_2Q.csv,104144.0
4/26/14,21785,8021416,42.75899999999999,"13,821,247",,118,1720,57,./data-milestraveled2014_2Q.csv,104270.0
4/27/14,24093,8045509,46.188,"13,867,436",,156,1616,84,./data-milestraveled2014_2Q.csv,104388.0
4/28/14,31279,8076788,51.168,"13,918,604",,176,744,94,./data-milestraveled2014_2Q.csv,104544.0
4/29/14,20003,8096791,26.84,"13,945,444",,120,160,24,./data-milestraveled2014_2Q.csv,104720.0
4/30/14,3093,8099884,3.572,"13,949,016",,63,15,0,./data-milestraveled2014_2Q.csv,104840.0
5/1/14,29448,8129332,51.32,"14,000,335",,138,780,94,./data-milestraveled2014_2Q.csv,104903.0
5/2/14,35590,8164922,60.513999999999996,"14,060,849",,192,1192,144,./data-milestraveled2014_2Q.csv,105041.0
5/3/14,28254,8193176,61.95,"14,122,799",,152,2440,150,./data-milestraveled2014_2Q.csv,105233.0
5/4/14,23450,8216626,43.926,"14,166,724",,159,1479,77,./data-milestraveled2014_2Q.csv,105385.0
5/5/14,33706,8250332,58.903999999999996,"14,225,628",,219,842,127,./data-milestraveled2014_2Q.csv,105544.0
5/6/14,35977,8286309,62.455,"14,288,083",,197,836,100,./data-milestraveled2014_2Q.csv,105763.0
5/7/14,36210,8322519,58.617,"14,346,700",,195,799,91,./data-milestraveled2014_2Q.csv,105960.0
5/8/14,19518,8342037,28.9,"14,375,600",,105,303,20,./data-milestraveled2014_2Q.csv,106155.0
5/9/14,24990,8367027,37.118,"14,412,718",,111,537,59,./data-milestraveled2014_2Q.csv,106260.0
5/10/14,24179,8391206,44.945,"14,457,663",,133,1617,74,./data-milestraveled2014_2Q.csv,106371.0
5/11/14,31551,8422757,71.587,"14,529,250",,161,2768,145,./data-milestraveled2014_2Q.csv,106504.0
5/12/14,35209,8457966,61.465,"14,590,714",,246,935,124,./data-milestraveled2014_2Q.csv,106665.0
5/13/14,36281,8494247,59.20399999999999,"14,649,918",,204,737,125,./data-milestraveled2014_2Q.csv,106911.0
5/14/14,33087,8527334,52.063,"14,701,982",,164,586,75,./data-milestraveled2014_2Q.csv,107115.0
5/15/14,28847,8556181,45.347,"14,747,329",,129,566,76,./data-milestraveled2014_2Q.csv,107279.0
5/16/14,19561,8575742,27.664,"14,774,993",,114,218,22,./data-milestraveled2014_2Q.csv,107408.0
5/17/14,33141,8608883,71.372,"14,846,365",,130,2968,141,./data-milestraveled2014_2Q.csv,107522.0
5/18/14,30026,8638909,61.977,"14,908,341",,154,2476,124,./data-milestraveled2014_2Q.csv,107652.0
5/19/14,34763,8673672,56.666000000000004,"14,965,008",,226,914,124,./data-milestraveled2014_2Q.csv,107806.0
5/20/14,38928,8712600,66.578,"15,031,586",,194,1145,141,./data-milestraveled2014_2Q.csv,108032.0
5/21/14,37493,8750093,61.068999999999996,"15,092,655",,146,897,115,./data-milestraveled2014_2Q.csv,108226.0
5/22/14,26753,8776846,39.65,"15,132,305",,121,470,40,./data-milestraveled2014_2Q.csv,108372.0
5/23/14,26895,8803741,42.128,"15,174,433",,108,793,84,./data-milestraveled2014_2Q.csv,108493.0
5/24/14,18503,8822244,35.805,"15,210,238",,109,1532,105,./data-milestraveled2014_2Q.csv,108601.0
5/25/14,28266,8850510,68.798,"15,279,036",,115,3535,144,./data-milestraveled2014_2Q.csv,108710.0
5/26/14,29819,8880329,70.712,"15,349,748",,169,3095,143,./data-milestraveled2014_2Q.csv,108825.0
5/27/14,36165,8916494,63.451,"15,413,199",,253,1196,162,./data-milestraveled2014_2Q.csv,108994.0
5/28/14,32666,8949160,49.67,"15,462,869",,164,533,79,./data-milestraveled2014_2Q.csv,109247.0
5/29/14,37184,8986344,60.222,"15,523,091",,144,930,108,./data-milestraveled2014_2Q.csv,109411.0
5/30/14,37875,9024219,65.24,"15,588,331",,167,1191,118,./data-milestraveled2014_2Q.csv,109555.0
5/31/14,30659,9054878,61.976000000000006,"15,650,307",,139,2305,129,./data-milestraveled2014_2Q.csv,109722.0
6/1/14,34597,9089475,75.594,"15,725,901",,212,2912,168,./data-milestraveled2014_2Q.csv,109861.0
6/2/14,38143,9127618,68.186,"15,794,087",,277,1099,150,./data-milestraveled2014_2Q.csv,110073.0
6/3/14,32504,9160122,52.766999999999996,"15,846,854",,238,702,119,./data-milestraveled2014_2Q.csv,110350.0
6/4/14,39747,9199869,66.953,"15,913,807",,170,950,135,./data-milestraveled2014_2Q.csv,110588.0
6/5/14,27165,9227034,44.714,"15,958,521",,146,692,81,./data-milestraveled2014_2Q.csv,110758.0
6/6/14,41291,9268325,72.887,"16,031,408",,164,1668,128,./data-milestraveled2014_2Q.csv,110904.0
6/7/14,34417,9302742,74.54899999999999,"16,105,957",,116,2888,165,./data-milestraveled2014_2Q.csv,111068.0
6/8/14,33432,9336174,73.196,"16,179,153",,162,2704,117,./data-milestraveled2014_2Q.csv,111184.0
6/9/14,20545,9356719,32.251999999999995,"16,211,405",,127,394,43,./data-milestraveled2014_2Q.csv,111346.0
6/10/14,36959,9393678,59.916000000000004,"16,271,321",,167,783,117,./data-milestraveled2014_2Q.csv,111473.0
6/11/14,33809,9427487,55.193000000000005,"16,326,514",,121,691,105,./data-milestraveled2014_2Q.csv,111640.0
6/12/14,32186,9459673,49.272,"16,375,786",,134,644,78,./data-milestraveled2014_2Q.csv,111761.0
6/13/14,20236,9479909,31.146,"16,406,932",,106,565,40,./data-milestraveled2014_2Q.csv,111895.0
6/14/14,31432,9511341,63.83,"16,470,762",,106,2442,129,./data-milestraveled2014_2Q.csv,112001.0
6/15/14,31029,9542370,65.14,"16,535,902",,142,2397,136,./data-milestraveled2014_2Q.csv,112107.0
6/16/14,38568,9580938,66.964,"16,602,866",,200,1080,153,./data-milestraveled2014_2Q.csv,112249.0
6/17/14,38963,9619901,66.789,"16,669,655",,173,978,124,./data-milestraveled2014_2Q.csv,112449.0
6/18/14,38984,9658885,64.305,"16,733,960",,161,905,139,./data-milestraveled2014_2Q.csv,112622.0
6/19/14,35327,9694212,58.66,"16,792,620",,113,812,92,./data-milestraveled2014_2Q.csv,112783.0
6/20/14,38827,9733039,78.661,"16,871,281",,164,1439,117,./data-milestraveled2014_2Q.csv,112896.0
6/21/14,33325,9766364,69.714,"16,940,995",,94,2951,149,./data-milestraveled2014_2Q.csv,113060.0
6/22/14,32300,9798664,65.036,"17,006,031",,135,2532,107,./data-milestraveled2014_2Q.csv,113154.0
6/23/14,36342,9835006,61.528999999999996,"17,067,560",,193,1024,167,./data-milestraveled2014_2Q.csv,113289.0
6/24/14,39886,9874892,66.604,"17,134,164",,173,939,136,./data-milestraveled2014_2Q.csv,113482.0
6/25/14,38035,9912927,60.763000000000005,"17,194,927",,129,868,137,./data-milestraveled2014_2Q.csv,113655.0
6/26/14,38610,9951537,63.768,"17,258,695",,121,1051,109,./data-milestraveled2014_2Q.csv,113784.0
6/27/14,39697,9991234,70.902,"17,329,597",,115,1573,147,./data-milestraveled2014_2Q.csv,113905.0
6/28/14,31684,10022918,65.075,"17,394,672",,122,2679,125,./data-milestraveled2014_2Q.csv,114020.0
6/29/14,30784,10053702,64.706,"17,459,378",,118,2450,125,./data-milestraveled2014_2Q.csv,114142.0
6/30/14,36854,10090556,61.917,"17,521,295",,174,1044,120,./data-milestraveled2014_2Q.csv,114260.0
7/1/14,37970,10128526,61.17,"17,582,465",,126,955,120,./data-milestraveled2014_3Q.csv,114434.0
7/2/14,28765,10157291,44.192,"17,626,657",,160,688,92,./data-milestraveled2014_3Q.csv,114560.0
7/3/14,30078,10187369,48.573,"17,675,230",,124,819,88,./data-milestraveled2014_3Q.csv,114720.0
7/4/14,14850,10202219,27.905,"17,703,135",,48,1196,77,./data-milestraveled2014_3Q.csv,114844.0
7/5/14,25116,10227335,55.725,"17,758,860",,86,2566,127,./data-milestraveled2014_3Q.csv,114892.0
7/6/14,26615,10253950,65.358,"17,824,218",,114,2392,111,./data-milestraveled2014_3Q.csv,114978.0
7/7/14,35075,10289025,59.833999999999996,"17,884,052",,195,905,160,./data-milestraveled2014_3Q.csv,115092.0
7/8/14,35734,10324759,57.828,"17,941,880",,171,740,120,./data-milestraveled2014_3Q.csv,115287.0
7/9/14,37588,10362347,60.912,"18,002,792",,159,879,127,./data-milestraveled2014_3Q.csv,115446.0
7/10/14,39779,10402126,66.23899999999999,"18,069,031	",,159,1052,115,./data-milestraveled2014_3Q.csv,115605.0
7/11/14,38416,10440542,65.516,"18,134,547",,106,1339,93,./data-milestraveled2014_3Q.csv,115711.0
7/12/14,31413,10471955,63.663999999999994,"18,198,211",,99,2697,115,./data-milestraveled2014_3Q.csv,115810.0
7/13/14,27089,10499044,50.105,"18,248,316",,104,1713,91,./data-milestraveled2014_3Q.csv,115914.0
7/14/14,28173,10527217,43.222,"18,291,538",,112,637,93,./data-milestraveled2014_3Q.csv,116026.0
7/15/14,24993,10552210,37.092,"18,328,630",,116,410,58,./data-milestraveled2014_3Q.csv,116142.0
7/16/14,38610,10590820,63.61600000000001,"18,392,246",,103,959,116,./data-milestraveled2014_3Q.csv,116245.0
7/17/14,41996,10632816,70.061,"18,462,307",,116,1114,110,./data-milestraveled2014_3Q.csv,116361.0
7/18/14,39526,10672342,69.416,"18,531,723	",,111,1502,148,./data-milestraveled2014_3Q.csv,116472.0
7/19/14,31943,10704285,64.395,"18,596,118",,79,2796,130,./data-milestraveled2014_3Q.csv,116551.0
7/20/14,33156,10737441,68.542,"18,664,660",,118,2767,146,./data-milestraveled2014_3Q.csv,116669.0
7/21/14,38963,10776404,64.824,"18,729,484",,143,1162,129,./data-milestraveled2014_3Q.csv,116812.0
7/22/14,40450,10816854,67.081,"18,796,565",,157,992,127,./data-milestraveled2014_3Q.csv,116969.0
7/23/14,37508,10854362,59.956,"18,856,521",,121,816,126,./data-milestraveled2014_3Q.csv,117090.0
7/24/14,40419,10894781,67.584,"18,924,105",,139,1064,109,./data-milestraveled2014_3Q.csv,117229.0
7/25/14,39768,10934549,68.652,"18,992,757",,111,1457,105,./data-milestraveled2014_3Q.csv,117340.0
7/26/14,29882,10964431,59.645,"19,052,402",,87,2428,92,./data-milestraveled2014_3Q.csv,117427.0
7/27/14,29669,10994100,58.193000000000005,"19,110,595",,103,2108,115,./data-milestraveled2014_3Q.csv,117530.0
7/28/14,36360,11030460,59.567,"19,170,162	",,173,877,150,./data-milestraveled2014_3Q.csv,117703.0
7/29/14,41198,11071658,68.064,"19,238,226",,227,1089,128,./data-milestraveled2014_3Q.csv,117930.0
7/30/14,41207,11112865,68.127,"19,306,353",,145,1116,99,./data-milestraveled2014_3Q.csv,118075.0
7/31/14,39282,11152147,65.414,"19,371,767",,129,1065,113,./data-milestraveled2014_3Q.csv,118204.0
8/1/14,35829,11187976,59.202,"19,430,969",,110,1192,93,./data-milestraveled2014_3Q.csv,118314.0
8/2/14,30013,11217989,60.544,"19,490,171",,94,2540,127,./data-milestraveled2014_3Q.csv,118408.0
8/3/14,27854,11245843,55.867,"19,546,038",,147,2146,96,./data-milestraveled2014_3Q.csv,118555.0
8/4/14,37408,11283251,63.736999999999995,"19,609,775",,149,1097,165,./data-milestraveled2014_3Q.csv,118704.0
8/5/14,38168,11321419,63.957,"19,673,732",,126,1059,119,./data-milestraveled2014_3Q.csv,118830.0
8/6/14,39942,11361361,66.342,"19,740,074",,108,1067,144,./data-milestraveled2014_3Q.csv,118938.0
8/7/14,39933,11401294,67.398,"19,807,472",,109,1083,129,./data-milestraveled2014_3Q.csv,119047.0
8/8/14,37367,11438661,64.33,"19,871,802",,90,1342,111,./data-milestraveled2014_3Q.csv,119137.0
8/9/14,35701,11474362,81.003,"19,952,805",,107,3814,151,./data-milestraveled2014_3Q.csv,119244.0
8/10/14,29339,11503701,61.287,"20,014,092",,107,2303,131,./data-milestraveled2014_3Q.csv,119351.0
8/11/14,36837,11540538,61.708,"20,075,800",,144,1167,132,./data-milestraveled2014_3Q.csv,119495.0
8/12/14,28591,11569129,41.88,"20,117,680",,89,526,90,./data-milestraveled2014_3Q.csv,119584.0
8/13/14,30698,11599827,49.367,"20,167,047",,109,661,98,./data-milestraveled2014_3Q.csv,119693.0
8/14/14,38863,11638690,67.92399999999999,"20,234,971",,96,1069,128,./data-milestraveled2014_3Q.csv,119789.0
8/15/14,35524,11674214,60015.0,20294986,,80,1198,117,./data-milestraveled2014_3Q.csv,119869.0
8/16/14,36127,11710341,83272.0,20378258,,93,4217,155,./data-milestraveled2014_3Q.csv,119962.0
8/17/14,30223,11740564,61390.0,20439648,,107,2344,121,./data-milestraveled2014_3Q.csv,120069.0
8/18/14,37851,11778415,64873.0,20504521,,158,1156,157,./data-milestraveled2014_3Q.csv,120227.0
8/19/14,38912,11817327,65883.0,20570404,,129,965,140,./data-milestraveled2014_3Q.csv,120356.0
8/20/14,39090,11856417,66900.0,20637304,,114,1057,110,./data-milestraveled2014_3Q.csv,120470.0
8/21/14,36917,11893334,62373.0,20699677,,128,960,107,./data-milestraveled2014_3Q.csv,120598.0
8/22/14,33147,11926481,54765.0,20754442,,90,863,81,./data-milestraveled2014_3Q.csv,120688.0
8/23/14,28956,11955437,57270.0,20811712,,81,2254,98,./data-milestraveled2014_3Q.csv,120769.0
8/24/14,30422,11985859,65005.0,20876717,,115,2528,125,./data-milestraveled2014_3Q.csv,120884.0
8/25/14,36244,12022103,60866.0,20937583,,166,1007,146,./data-milestraveled2014_3Q.csv,121050.0
8/26/14,37937,12060040,62487.0,21000070,,107,937,124,./data-milestraveled2014_3Q.csv,121157.0
8/27/14,36900,12096940,61488.0,21061558,,135,829,83,./data-milestraveled2014_3Q.csv,121292.0
8/28/14,37055,12133995,62402.0,21123960,,131,982,83,./data-milestraveled2014_3Q.csv,121423.0
8/29/14,34292,12168287,59371.0,21183331,,99,1329,109,./data-milestraveled2014_3Q.csv,121522.0
8/30/14,25239,12193526,52782.0,21236113,,88,2442,99,./data-milestraveled2014_3Q.csv,121610.0
8/31/14,20097,12213623,41594.0,21277707,,80,1952,89,./data-milestraveled2014_3Q.csv,121690.0
9/1/14,26055,12239678,51270.0,21328977,,119,2083,105,./data-milestraveled2014_3Q.csv,121809.0
9/2/14,34005,12273683,53842.0,21382819,,170,693,121,./data-milestraveled2014_3Q.csv,121979.0
9/3/14,38998,12312681,62736.0,21445555,,145,789,148,./data-milestraveled2014_3Q.csv,122124.0
9/4/14,40022,12352703,64563.0,21510118,,124,816,125,./data-milestraveled2014_3Q.csv,122248.0
9/5/14,38325,12391028,64421.0,21574539,,108,1111,121,./data-milestraveled2014_3Q.csv,122356.0
9/6/14,28290,12419318,51519.0,21626058,,82,1674,105,./data-milestraveled2014_3Q.csv,122438.0
9/7/14,32524,12451842,65394.0,21691452,,117,2222,115,./data-milestraveled2014_3Q.csv,122555.0
9/8/14,38091,12489933,60610.0,21752062,,142,818,118,./data-milestraveled2014_3Q.csv,122697.0
9/9/14,38101,12528034,59026.0,21811088,,121,620,99,./data-milestraveled2014_3Q.csv,122818.0
9/10/14,41634,12569668,69561.0,21880649,,97,981,104,./data-milestraveled2014_3Q.csv,122915.0
9/11/14,40864,12610532,65798.0,21946447,,91,844,90,./data-milestraveled2014_3Q.csv,123006.0
9/12/14,41341,12651873,75561.0,22022008,,105,1195,103,./data-milestraveled2014_3Q.csv,123111.0
9/13/14,19110,12670983,31600.0,22053608,,81,842,67,./data-milestraveled2014_3Q.csv,123192.0
9/14/14,31589,12702572,62963.0,22116571,,117,2290,117,./data-milestraveled2014_3Q.csv,123309.0
9/15/14,39044,12741616,64983.0,22181554,,112,858,118,./data-milestraveled2014_3Q.csv,123421.0
9/16/14,28285,12769901,43250.0,22224804,,100,484,61,./data-milestraveled2014_3Q.csv,123521.0
9/17/14,41347,12811248,67758.0,22292562,,115,916,121,./data-milestraveled2014_3Q.csv,123636.0
9/18/14,41145,12852393,67840.0,22360402,,82,887,115,./data-milestraveled2014_3Q.csv,123718.0
9/19/14,38162,12890555,62500.0,22422902,,78,979,90,./data-milestraveled2014_3Q.csv,123796.0
9/20/14,32951,12923506,64838.0,22487740,,54,2464,122,./data-milestraveled2014_3Q.csv,123850.0
9/21/14,28530,12952036,54319.0,22542059,,76,1693,90,./data-milestraveled2014_3Q.csv,123926.0
9/22/14,36624,12988660,59024.0,22601083,,118,748,84,./data-milestraveled2014_3Q.csv,124044.0
9/23/14,40105,13028765,66590.0,22667673,,80,841,106,./data-milestraveled2014_3Q.csv,124124.0
9/24/14,38976,13067741,62834.0,22730507,,106,719,100,./data-milestraveled2014_3Q.csv,124230.0
9/25/14,18282,13086023,26019.0,22756526,,61,165,24,./data-milestraveled2014_3Q.csv,124291.0
9/26/14,38394,13124417,66227.0,22822753,,85,1297,118,./data-milestraveled2014_3Q.csv,124376.0
9/27/14,33322,13157739,69724.0,22892477,,57,2712,118,./data-milestraveled2014_3Q.csv,124433.0
9/28/14,32080,13189819,64811.0,22957288,,99,2259,129,./data-milestraveled2014_3Q.csv,124532.0
9/29/14,36896,13226715,59305.0,23016593,,113,689,114,./data-milestraveled2014_3Q.csv,124645.0
9/30/14,39061,13265776,59970.0,23076563,,89,613,65,./data-milestraveled2014_3Q.csv,124734.0
10/1/14,31197,13296973,44612.0,23121175,,112,330,48,./data-milestraveled2014_4Q.csv,124846.0
10/2/14,38286,13335259,60639.0,23181814,,113,602,86,./data-milestraveled2014_4Q.csv,124959.0
10/3/14,38956,13374215,65739.0,23247553,,65,1276,107,./data-milestraveled2014_4Q.csv,125024.0
10/4/14,15088,13389303,24254.0,23271807,,34,617,26,./data-milestraveled2014_4Q.csv,125058.0
10/5/14,26247,13415550,48930.0,23320737,,51,1470,90,./data-milestraveled2014_4Q.csv,125109.0
10/6/14,35651,13451201,56380.0,23377117,,94,710,99,./data-milestraveled2014_4Q.csv,125203.0
10/7/14,36931,13488132,58740.0,23435857,,59,593,81,./data-milestraveled2014_4Q.csv,125262.0
10/8/14,37870,13526002,60594.0,23496451,,92,667,86,./data-milestraveled2014_4Q.csv,125354.0
10/9/14,36427,13562429,57865.0,23554316,,53,709,71,./data-milestraveled2014_4Q.csv,125407.0
10/10/14,34690,13597119,54690.0,23609006,,57,905,78,./data-milestraveled2014_4Q.csv,125464.0
10/11/14,14805,13611924,23278.0,23632284,,23,528,34,./data-milestraveled2014_4Q.csv,125487.0
10/12/14,26259,13638183,52781.0,23685064,,42,2083,80,./data-milestraveled2014_4Q.csv,125529.0
10/13/14,25616,13663799,40275.0,23725339,,60,749,60,./data-milestraveled2014_4Q.csv,125589.0
10/14/14,36529,13700328,61691.0,23787030,,62,869,101,./data-milestraveled2014_4Q.csv,125651.0
10/15/14,31784,13732112,49319.0,23836349,,52,506,82,./data-milestraveled2014_4Q.csv,125703.0
10/16/14,29845,13761957,47808.0,23884157,,60,499,61,./data-milestraveled2014_4Q.csv,125763.0
10/17/14,37759,13799716,64389.0,23948545,,53,1180,105,./data-milestraveled2014_4Q.csv,125816.0
10/18/14,27634,13827350,52554.0,24001099,,49,1806,63,./data-milestraveled2014_4Q.csv,125865.0
10/19/14,21017,13848367,35039.0,24036139,,49,1000,57,./data-milestraveled2014_4Q.csv,125914.0
10/20/14,30928,13879295,48030.0,24084168,,54,514,74,./data-milestraveled2014_4Q.csv,125968.0
10/21/14,34710,13914005,53960.0,24138128,,40,539,90,./data-milestraveled2014_4Q.csv,126008.0
10/22/14,10402,13924407,13894.0,24152022,,29,110,30,./data-milestraveled2014_4Q.csv,126037.0
10/23/14,14886,13939293,20446.0,24172468,,25,74,19,./data-milestraveled2014_4Q.csv,126062.0
10/24/14,33022,13972315,51151.0,24223619,,24,722,84,./data-milestraveled2014_4Q.csv,126086.0
10/25/14,27802,14000117,53881.0,24277499,,31,2093,83,./data-milestraveled2014_4Q.csv,126117.0
10/26/14,23077,14023194,41308.0,24318808,,49,1220,71,./data-milestraveled2014_4Q.csv,126166.0
10/27/14,31908,14055122,49892.0,24368754,,63,519,73,./data-milestraveled2014_4Q.csv,126229.0
10/28/14,36429,14091551,56602.0,24425356,,166,628,79,./data-milestraveled2014_4Q.csv,126395.0
10/29/14,32944,14124495,48378.0,24473733,,65,466,70,./data-milestraveled2014_4Q.csv,126460.0
10/30/14,34658,14159153,52162.0,24525895,,27,557,61,./data-milestraveled2014_4Q.csv,126487.0
10/31/14,30787,14189940,46834.0,24572729,,16,653,75,./data-milestraveled2014_4Q.csv,126503.0
11/1/14,6739,14196679,8703.0,24581432,,11,98,10,./data-milestraveled2014_4Q.csv,126514.0
11/2/14,15730,14212409,23106.0,24604538,,13,480,44,./data-milestraveled2014_4Q.csv,126527.0
11/3/14,29590,14241999,45368.0,24649906,,30,568,51,./data-milestraveled2014_4Q.csv,126557.0
11/4/14,34612,14276611,54306.0,24704213,,22,665,80,./data-milestraveled2014_4Q.csv,126579.0
11/5/14,33764,14310375,52464.0,24756677,,32,513,49,./data-milestraveled2014_4Q.csv,126611.0
11/6/14,13882,14324257,18743.0,24775420,,16,98,12,./data-milestraveled2014_4Q.csv,126627.0
11/7/14,28053,14352310,40163.0,24815583,,20,416,45,./data-milestraveled2014_4Q.csv,126647.0
11/8/14,19372,14371682,31589.0,24847172,,12,878,40,./data-milestraveled2014_4Q.csv,126659.0
11/9/14,20225,14391907,34251.0,24881423,,16,952,44,./data-milestraveled2014_4Q.csv,126675.0
11/10/14,30616,14422523,46768.0,24928191,,25,607,46,./data-milestraveled2014_4Q.csv,126700.0
11/11/14,32312,14454835,49461.0,24977651,,19,599,41,./data-milestraveled2014_4Q.csv,126719.0
11/12/14,30830,14485665,45234.0,25022886,,28,325,36,./data-milestraveled2014_4Q.csv,126747.0
11/13/14,22798,14508463,32395.0,25055281,,23,252,21,./data-milestraveled2014_4Q.csv,126770.0
11/14/14,23452,14531915,33240.0,25088520,,13,242,28,./data-milestraveled2014_4Q.csv,126783.0
11/15/14,15403,14547318,23774.0,25112295,,14,522,16,./data-milestraveled2014_4Q.csv,126797.0
11/16/14,14544,14561862,20645.0,25132940,,14,319,20,./data-milestraveled2014_4Q.csv,126811.0
11/17/14,8944,14570806,11294.0,25144234,,12,25,8,./data-milestraveled2014_4Q.csv,126823.0
11/18/14,18436,14589242,23704.0,25167938,,11,78,26,./data-milestraveled2014_4Q.csv,126834.0
11/19/14,18211,14607453,24052.0,25191989,,13,102,17,./data-milestraveled2014_4Q.csv,126847.0
11/20/14,22682,14630135,30878.0,25222867,,11,160,20,./data-milestraveled2014_4Q.csv,126858.0
11/21/14,19582,14649717,25533.0,25248400,,7,131,24,./data-milestraveled2014_4Q.csv,126865.0
11/22/14,13838,14663555,20211.0,25268611,,10,345,9,./data-milestraveled2014_4Q.csv,126875.0
11/23/14,17012,14680567,27503.0,25296114,,11,628,26,./data-milestraveled2014_4Q.csv,126886.0
11/24/14,25007,14705574,37873.0,25333986,,8,374,45,./data-milestraveled2014_4Q.csv,126894.0
11/25/14,27889,14733463,39495.0,25373481,,10,365,27,./data-milestraveled2014_4Q.csv,126904.0
11/26/14,4064,14737527,4997.0,25378478,,4,14,1,./data-milestraveled2014_4Q.csv,126908.0
11/27/14,4331,14741858,5954.0,25384432,,3,74,10,./data-milestraveled2014_4Q.csv,126911.0
11/28/14,9157,14751015,12743.0,25397175,,7,209,8,./data-milestraveled2014_4Q.csv,126918.0
11/29/14,8974,14759989,12808.0,25409983,,6,235,14,./data-milestraveled2014_4Q.csv,126924.0
11/30/14,13612,14773601,21244.0,25431227,,13,449,25,./data-milestraveled2014_4Q.csv,126937.0
12/1/14,20398,14793999,29977.0,25461204,,19,281,20,./data-milestraveled2014_4Q.csv,126956.0
12/2/14,16961,14810960,22343.0,25483547,,14,45,24,./data-milestraveled2014_4Q.csv,126970.0
12/3/14,15078,14826038,23083.0,25506630,,8,65,6,./data-milestraveled2014_4Q.csv,126978.0
12/4/14,23442,14849480,33077.0,25539707,,8,191,14,./data-milestraveled2014_4Q.csv,126986.0
12/5/14,17289,14866769,23200.0,25562908,,6,153,12,./data-milestraveled2014_4Q.csv,126992.0
12/6/14,4487,14871256,5787.0,25568695,,12,59,5,./data-milestraveled2014_4Q.csv,127004.0
12/7/14,11404,14882660,16007.0,25584702,,8,254,13,./data-milestraveled2014_4Q.csv,127012.0
12/8/14,17015,14899675,21665.0,25606367,,12,60,11,./data-milestraveled2014_4Q.csv,127024.0
12/9/14,7322,14906997,9458.0,25615825,,7,18,4,./data-milestraveled2014_4Q.csv,127031.0
12/10/14,11476,14918473,14590.0,25630415,,5,23,5,./data-milestraveled2014_4Q.csv,127036.0
12/11/14,19840,14938313,27417.0,25657832,,5,144,19,./data-milestraveled2014_4Q.csv,127041.0
12/12/14,19393,14957706,25689.0,25683521,,5,151,13,./data-milestraveled2014_4Q.csv,127046.0
12/13/14,13760,14971466,21276.0,25704797,,4,324,20,./data-milestraveled2014_4Q.csv,127050.0
12/14/14,13255,14984721,19351.0,25724148,,8,326,20,./data-milestraveled2014_4Q.csv,127058.0
12/15/14,21306,15006027,29232.0,25753380,,7,186,25,./data-milestraveled2014_4Q.csv,127065.0
12/16/14,18653,15024680,25116.0,25778496,,10,119,19,./data-milestraveled2014_4Q.csv,127075.0
12/17/14,22350,15047030,30878.0,25809373,,10,186,18,./data-milestraveled2014_4Q.csv,127085.0
12/18/14,20679,15067709,27451.0,25836824,,8,119,14,./data-milestraveled2014_4Q.csv,127093.0
12/19/14,18696,15086405,24828.0,25861652,,11,158,14,./data-milestraveled2014_4Q.csv,127104.0
12/20/14,10628,15097033,13747.0,25875399,,12,145,7,./data-milestraveled2014_4Q.csv,127116.0
12/21/14,9582,15106615,12740.0,25888139,,10,170,9,./data-milestraveled2014_4Q.csv,127126.0
12/22/14,14849,15121464,20321.0,25908460,,12,156,17,./data-milestraveled2014_4Q.csv,127138.0
12/23/14,10405,15131869,13946.0,25922406,,8,68,9,./data-milestraveled2014_4Q.csv,127146.0
12/24/14,4716,15136585,6183.0,25928589,,9,36,7,./data-milestraveled2014_4Q.csv,127155.0
12/25/14,5354,15141939,11023.0,25939612,,10,	456	41,undefined,./data-milestraveled2014_4Q.csv,127165.0
12/26/14,10775,15152714,17715.0,25957327,,18,464,63,./data-milestraveled2014_4Q.csv,127183.0
12/27/14,11128,15163842,21130.0,25978457,,13	741,58,undefined,./data-milestraveled2014_4Q.csv,127196.0
12/28/14,8719,15172561,12978.0,25991435,,26,326,23,./data-milestraveled2014_4Q.csv,127222.0
12/29/14,14763,15187324,22499.0,26013934,,22	363,37,undefined,./data-milestraveled2014_4Q.csv,127244.0
12/30/14,13277,15200601,18112.0,26032046,,14,214,31,./data-milestraveled2014_4Q.csv,127258.0
12/31/14,10450,15211051,14560.0,26046606,,11,216,12,./data-milestraveled2014_4Q.csv,127269.0
